<?xml version="1.0"?>
<Runs Version="1" Minor="0">
	<Run Id="Block1_Logic_Unit_0_0_synth_1" LaunchDir="C:/Users/Hannah/Documents/ALU_Proj/ALU_Proj.runs/Block1_Logic_Unit_0_0_synth_1" FlowId="Vivado_Synthesis" FromStepId="vivado" ToStepId="vivado"/>
	<Run Id="Block1_ALU_Shift_Unit_0_0_synth_1" LaunchDir="C:/Users/Hannah/Documents/ALU_Proj/ALU_Proj.runs/Block1_ALU_Shift_Unit_0_0_synth_1" FlowId="Vivado_Synthesis" FromStepId="vivado" ToStepId="vivado"/>
	<Run Id="Block1_ALU_Mux_0_0_synth_1" LaunchDir="C:/Users/Hannah/Documents/ALU_Proj/ALU_Proj.runs/Block1_ALU_Mux_0_0_synth_1" FlowId="Vivado_Synthesis" FromStepId="vivado" ToStepId="vivado"/>
	<Run Id="Block1_Arith_Unit_0_0_synth_1" LaunchDir="C:/Users/Hannah/Documents/ALU_Proj/ALU_Proj.runs/Block1_Arith_Unit_0_0_synth_1" FlowId="Vivado_Synthesis" FromStepId="vivado" ToStepId="vivado"/>
	<Run Id="Block1_Load_Store_Unit_0_0_synth_1" LaunchDir="C:/Users/Hannah/Documents/ALU_Proj/ALU_Proj.runs/Block1_Load_Store_Unit_0_0_synth_1" FlowId="Vivado_Synthesis" FromStepId="vivado" ToStepId="vivado"/>
	<Run Id="synth_1" LaunchDir="C:/Users/Hannah/Documents/ALU_Proj/ALU_Proj.runs/synth_1" FlowId="Vivado_Synthesis" FromStepId="vivado" ToStepId="vivado">
		<Parent Id="Block1_Logic_Unit_0_0_synth_1"/>
		<Parent Id="Block1_ALU_Shift_Unit_0_0_synth_1"/>
		<Parent Id="Block1_ALU_Mux_0_0_synth_1"/>
		<Parent Id="Block1_Arith_Unit_0_0_synth_1"/>
		<Parent Id="Block1_Load_Store_Unit_0_0_synth_1"/>
	</Run>
</Runs>

