<?xml version="1.0" encoding="UTF-8"?>
<GenRun Id="synth_1" LaunchPart="xc7a100tcsg324-1" LaunchTime="1518129473">
  <File Type="PA-TCL" Name="ClkDiv.tcl"/>
  <File Type="RDS-PROPCONSTRS" Name="ClkDiv_drc_synth.rpt"/>
  <File Type="REPORTS-TCL" Name="ClkDiv_reports.tcl"/>
  <File Type="RDS-RDS" Name="ClkDiv.vds"/>
  <File Type="RDS-UTIL" Name="ClkDiv_utilization_synth.rpt"/>
  <File Type="RDS-UTIL-PB" Name="ClkDiv_utilization_synth.pb"/>
  <File Type="RDS-DCP" Name="ClkDiv.dcp"/>
  <File Type="VDS-TIMINGSUMMARY" Name="ClkDiv_timing_summary_synth.rpt"/>
  <File Type="VDS-TIMING-PB" Name="ClkDiv_timing_summary_synth.pb"/>
  <FileSet Name="sources" Type="DesignSrcs" RelSrcDir="$PSRCDIR/sources_1">
    <Filter Type="Srcs"/>
    <File Path="$PSRCDIR/sources_1/imports/sources/D_FlipFlop.vhd">
      <FileInfo>
        <Attr Name="ImportPath" Val="$PPRDIR/../../Desktop/Class Notes and Files/ECE 368/Lab 1 - Feb 2- 2018/sources/D_FlipFlop.vhd"/>
        <Attr Name="ImportTime" Val="1517428128"/>
        <Attr Name="UsedIn" Val="synthesis"/>
        <Attr Name="UsedIn" Val="simulation"/>
      </FileInfo>
    </File>
    <File Path="$PSRCDIR/sources_1/new/ClkDiv.vhd">
      <FileInfo>
        <Attr Name="UsedIn" Val="synthesis"/>
        <Attr Name="UsedIn" Val="simulation"/>
      </FileInfo>
    </File>
    <Config>
      <Option Name="DesignMode" Val="RTL"/>
      <Option Name="TopModule" Val="ClkDiv"/>
      <Option Name="TopAutoSet" Val="TRUE"/>
    </Config>
  </FileSet>
  <FileSet Name="constrs_in" Type="Constrs" RelSrcDir="$PSRCDIR/constrs_1">
    <Filter Type="Constrs"/>
    <File Path="$PSRCDIR/constrs_1/imports/sources/Nexys-4-DDR-Master.xdc">
      <FileInfo>
        <Attr Name="ImportPath" Val="$PPRDIR/../../Desktop/Class Notes and Files/ECE 368/Lab 1 - Feb 2- 2018/sources/Nexys-4-DDR-Master.xdc"/>
        <Attr Name="ImportTime" Val="1517418036"/>
        <Attr Name="UsedIn" Val="synthesis"/>
        <Attr Name="UsedIn" Val="implementation"/>
      </FileInfo>
    </File>
    <Config>
      <Option Name="ConstrsType" Val="XDC"/>
    </Config>
  </FileSet>
  <Strategy Version="1" Minor="2">
    <StratHandle Name="Vivado Synthesis Defaults" Flow="Vivado Synthesis 2017">
      <Desc>Vivado Synthesis Defaults</Desc>
    </StratHandle>
    <Step Id="synth_design"/>
  </Strategy>
</GenRun>
