<?xml version="1.0" encoding="UTF-8"?>
<GenRun Id="impl_1" LaunchPart="xc7a100tcsg324-1" LaunchTime="1518131061">
  <File Type="PWROPT-DCP" Name="FourBit_Adder_pwropt.dcp"/>
  <File Type="ROUTE-PWR" Name="FourBit_Adder_power_routed.rpt"/>
  <File Type="PA-TCL" Name="FourBit_Adder.tcl"/>
  <File Type="ROUTE-PWR-SUM" Name="FourBit_Adder_power_summary_routed.pb"/>
  <File Type="REPORTS-TCL" Name="FourBit_Adder_reports.tcl"/>
  <File Type="BG-DRC" Name="FourBit_Adder.drc"/>
  <File Type="OPT-METHODOLOGY-DRC" Name="FourBit_Adder_methodology_drc_opted.rpt"/>
  <File Type="INIT-TIMING" Name="FourBit_Adder_timing_summary_init.rpt"/>
  <File Type="OPT-HWDEF" Name="FourBit_Adder.hwdef"/>
  <File Type="OPT-DCP" Name="FourBit_Adder_opt.dcp"/>
  <File Type="OPT-DRC" Name="FourBit_Adder_drc_opted.rpt"/>
  <File Type="OPT-TIMING" Name="FourBit_Adder_timing_summary_opted.rpt"/>
  <File Type="PWROPT-DRC" Name="FourBit_Adder_drc_pwropted.rpt"/>
  <File Type="PWROPT-TIMING" Name="FourBit_Adder_timing_summary_pwropted.rpt"/>
  <File Type="PLACE-DCP" Name="FourBit_Adder_placed.dcp"/>
  <File Type="PLACE-IO" Name="FourBit_Adder_io_placed.rpt"/>
  <File Type="PLACE-CLK" Name="FourBit_Adder_clock_utilization_placed.rpt"/>
  <File Type="PLACE-UTIL" Name="FourBit_Adder_utilization_placed.rpt"/>
  <File Type="PLACE-UTIL-PB" Name="FourBit_Adder_utilization_placed.pb"/>
  <File Type="PLACE-CTRL" Name="FourBit_Adder_control_sets_placed.rpt"/>
  <File Type="PLACE-SIMILARITY" Name="FourBit_Adder_incremental_reuse_placed.rpt"/>
  <File Type="PLACE-PRE-SIMILARITY" Name="FourBit_Adder_incremental_reuse_pre_placed.rpt"/>
  <File Type="PLACE-TIMING" Name="FourBit_Adder_timing_summary_placed.rpt"/>
  <File Type="POSTPLACE-PWROPT-DCP" Name="FourBit_Adder_postplace_pwropt.dcp"/>
  <File Type="POSTPLACE-PWROPT-TIMING" Name="FourBit_Adder_timing_summary_postplace_pwropted.rpt"/>
  <File Type="PHYSOPT-DCP" Name="FourBit_Adder_physopt.dcp"/>
  <File Type="PHYSOPT-DRC" Name="FourBit_Adder_drc_physopted.rpt"/>
  <File Type="BG-BIT" Name="FourBit_Adder.bit"/>
  <File Type="PHYSOPT-TIMING" Name="FourBit_Adder_timing_summary_physopted.rpt"/>
  <File Type="ROUTE-ERROR-DCP" Name="FourBit_Adder_routed_error.dcp"/>
  <File Type="ROUTE-DCP" Name="FourBit_Adder_routed.dcp"/>
  <File Type="ROUTE-BLACKBOX-DCP" Name="FourBit_Adder_routed_bb.dcp"/>
  <File Type="ROUTE-DRC" Name="FourBit_Adder_drc_routed.rpt"/>
  <File Type="ROUTE-DRC-PB" Name="FourBit_Adder_drc_routed.pb"/>
  <File Type="BITSTR-MSK" Name="FourBit_Adder.msk"/>
  <File Type="ROUTE-DRC-RPX" Name="FourBit_Adder_drc_routed.rpx"/>
  <File Type="BG-BGN" Name="FourBit_Adder.bgn"/>
  <File Type="ROUTE-METHODOLOGY-DRC" Name="FourBit_Adder_methodology_drc_routed.rpt"/>
  <File Type="BITSTR-RBT" Name="FourBit_Adder.rbt"/>
  <File Type="ROUTE-METHODOLOGY-DRC-RPX" Name="FourBit_Adder_methodology_drc_routed.rpx"/>
  <File Type="BG-BIN" Name="FourBit_Adder.bin"/>
  <File Type="ROUTE-METHODOLOGY-DRC-PB" Name="FourBit_Adder_methodology_drc_routed.pb"/>
  <File Type="ROUTE-PWR-RPX" Name="FourBit_Adder_power_routed.rpx"/>
  <File Type="ROUTE-STATUS" Name="FourBit_Adder_route_status.rpt"/>
  <File Type="ROUTE-STATUS-PB" Name="FourBit_Adder_route_status.pb"/>
  <File Type="ROUTE-TIMINGSUMMARY" Name="FourBit_Adder_timing_summary_routed.rpt"/>
  <File Type="ROUTE-TIMING-PB" Name="FourBit_Adder_timing_summary_routed.pb"/>
  <File Type="ROUTE-TIMING-RPX" Name="FourBit_Adder_timing_summary_routed.rpx"/>
  <File Type="ROUTE-SIMILARITY" Name="FourBit_Adder_incremental_reuse_routed.rpt"/>
  <File Type="RDI-RDI" Name="FourBit_Adder.vdi"/>
  <File Type="ROUTE-CLK" Name="FourBit_Adder_clock_utilization_routed.rpt"/>
  <File Type="POSTROUTE-PHYSOPT-DCP" Name="FourBit_Adder_postroute_physopt.dcp"/>
  <File Type="POSTROUTE-PHYSOPT-BLACKBOX-DCP" Name="FourBit_Adder_postroute_physopt_bb.dcp"/>
  <File Type="POSTROUTE-PHYSOPT-TIMING" Name="FourBit_Adder_timing_summary_postroute_physopted.rpt"/>
  <File Type="POSTROUTE-PHYSOPT-TIMING-PB" Name="FourBit_Adder_timing_summary_postroute_physopted.pb"/>
  <File Type="POSTROUTE-PHYSOPT-TIMING-RPX" Name="FourBit_Adder_timing_summary_postroute_physopted.rpx"/>
  <File Type="BITSTR-NKY" Name="FourBit_Adder.nky"/>
  <File Type="BITSTR-BMM" Name="FourBit_Adder_bd.bmm"/>
  <File Type="BITSTR-MMI" Name="FourBit_Adder.mmi"/>
  <File Type="BITSTR-LTX" Name="debug_nets.ltx"/>
  <File Type="BITSTR-LTX" Name="FourBit_Adder.ltx"/>
  <File Type="BITSTR-SYSDEF" Name="FourBit_Adder.sysdef"/>
  <File Type="WBT-USG" Name="usage_statistics_webtalk.html"/>
  <FileSet Name="sources" Type="DesignSrcs" RelSrcDir="$PSRCDIR/sources_1">
    <Filter Type="Srcs"/>
    <File Path="$PSRCDIR/sources_1/new/Adder.vhd">
      <FileInfo>
        <Attr Name="UsedIn" Val="synthesis"/>
        <Attr Name="UsedIn" Val="simulation"/>
      </FileInfo>
    </File>
    <File Path="$PSRCDIR/sources_1/new/FourBit_Adder.vhd">
      <FileInfo>
        <Attr Name="UsedIn" Val="synthesis"/>
        <Attr Name="UsedIn" Val="simulation"/>
      </FileInfo>
    </File>
    <Config>
      <Option Name="DesignMode" Val="RTL"/>
      <Option Name="TopModule" Val="FourBit_Adder"/>
    </Config>
  </FileSet>
  <FileSet Name="constrs_in" Type="Constrs" RelSrcDir="$PSRCDIR/constrs_1">
    <Filter Type="Constrs"/>
    <File Path="$PSRCDIR/constrs_1/imports/sources/Nexys-4-DDR-Master.xdc">
      <FileInfo>
        <Attr Name="ImportPath" Val="$PPRDIR/../../Desktop/Class Notes and Files/ECE 368/Lab 1 - Feb 2- 2018/sources/Nexys-4-DDR-Master.xdc"/>
        <Attr Name="ImportTime" Val="1517418036"/>
        <Attr Name="UsedIn" Val="synthesis"/>
        <Attr Name="UsedIn" Val="implementation"/>
      </FileInfo>
    </File>
    <Config>
      <Option Name="ConstrsType" Val="XDC"/>
    </Config>
  </FileSet>
  <Strategy Version="1" Minor="2">
    <StratHandle Name="Vivado Implementation Defaults" Flow="Vivado Implementation 2017"/>
    <Step Id="init_design"/>
    <Step Id="opt_design"/>
    <Step Id="power_opt_design"/>
    <Step Id="place_design"/>
    <Step Id="post_place_power_opt_design"/>
    <Step Id="phys_opt_design"/>
    <Step Id="route_design"/>
    <Step Id="post_route_phys_opt_design"/>
    <Step Id="write_bitstream"/>
  </Strategy>
</GenRun>
