<?xml version="1.0" encoding="UTF-8"?>
<GenRun Id="synth_1" LaunchPart="xc7a100tcsg324-1" LaunchTime="1517840274">
  <File Type="PA-TCL" Name="FourBitRegister.tcl"/>
  <File Type="RDS-PROPCONSTRS" Name="FourBitRegister_drc_synth.rpt"/>
  <File Type="REPORTS-TCL" Name="FourBitRegister_reports.tcl"/>
  <File Type="RDS-RDS" Name="FourBitRegister.vds"/>
  <File Type="RDS-UTIL" Name="FourBitRegister_utilization_synth.rpt"/>
  <File Type="RDS-UTIL-PB" Name="FourBitRegister_utilization_synth.pb"/>
  <File Type="RDS-DCP" Name="FourBitRegister.dcp"/>
  <File Type="VDS-TIMINGSUMMARY" Name="FourBitRegister_timing_summary_synth.rpt"/>
  <File Type="VDS-TIMING-PB" Name="FourBitRegister_timing_summary_synth.pb"/>
  <FileSet Name="sources" Type="DesignSrcs" RelSrcDir="$PSRCDIR/sources_1">
    <Filter Type="Srcs"/>
    <File Path="$PSRCDIR/sources_1/imports/sources/D_FlipFlop.vhd">
      <FileInfo>
        <Attr Name="ImportPath" Val="$PPRDIR/../../Desktop/Class Notes and Files/ECE 368/Lab 1 - Feb 2- 2018/sources/D_FlipFlop.vhd"/>
        <Attr Name="ImportTime" Val="1517428128"/>
        <Attr Name="UsedIn" Val="synthesis"/>
        <Attr Name="UsedIn" Val="simulation"/>
      </FileInfo>
    </File>
    <File Path="$PSRCDIR/sources_1/new/FourBitRegister.vhd">
      <FileInfo>
        <Attr Name="UsedIn" Val="synthesis"/>
        <Attr Name="UsedIn" Val="simulation"/>
      </FileInfo>
    </File>
    <Config>
      <Option Name="DesignMode" Val="RTL"/>
      <Option Name="TopModule" Val="FourBitRegister"/>
      <Option Name="TopAutoSet" Val="TRUE"/>
    </Config>
  </FileSet>
  <FileSet Name="constrs_in" Type="Constrs" RelSrcDir="$PSRCDIR/constrs_1">
    <Filter Type="Constrs"/>
    <File Path="$PSRCDIR/constrs_1/imports/sources/Nexys-4-DDR-Master.xdc">
      <FileInfo>
        <Attr Name="ImportPath" Val="$PPRDIR/../../Desktop/Class Notes and Files/ECE 368/Lab 1 - Feb 2- 2018/sources/Nexys-4-DDR-Master.xdc"/>
        <Attr Name="ImportTime" Val="1517418036"/>
        <Attr Name="UsedIn" Val="synthesis"/>
        <Attr Name="UsedIn" Val="implementation"/>
      </FileInfo>
    </File>
    <Config>
      <Option Name="ConstrsType" Val="XDC"/>
    </Config>
  </FileSet>
  <Strategy Version="1" Minor="2">
    <StratHandle Name="Vivado Synthesis Defaults" Flow="Vivado Synthesis 2017"/>
    <Step Id="synth_design"/>
  </Strategy>
</GenRun>
