<?xml version="1.0" encoding="UTF-8"?>
<GenRun Id="impl_1" LaunchPart="xc7a100tcsg324-1" LaunchTime="1518726595">
  <File Type="PWROPT-DCP" Name="BlockInterface_pwropt.dcp"/>
  <File Type="ROUTE-PWR" Name="BlockInterface_power_routed.rpt"/>
  <File Type="PA-TCL" Name="BlockInterface.tcl"/>
  <File Type="ROUTE-PWR-SUM" Name="BlockInterface_power_summary_routed.pb"/>
  <File Type="REPORTS-TCL" Name="BlockInterface_reports.tcl"/>
  <File Type="BG-DRC" Name="BlockInterface.drc"/>
  <File Type="OPT-METHODOLOGY-DRC" Name="BlockInterface_methodology_drc_opted.rpt"/>
  <File Type="INIT-TIMING" Name="BlockInterface_timing_summary_init.rpt"/>
  <File Type="OPT-HWDEF" Name="BlockInterface.hwdef"/>
  <File Type="OPT-DCP" Name="BlockInterface_opt.dcp"/>
  <File Type="OPT-DRC" Name="BlockInterface_drc_opted.rpt"/>
  <File Type="OPT-TIMING" Name="BlockInterface_timing_summary_opted.rpt"/>
  <File Type="PWROPT-DRC" Name="BlockInterface_drc_pwropted.rpt"/>
  <File Type="PWROPT-TIMING" Name="BlockInterface_timing_summary_pwropted.rpt"/>
  <File Type="PLACE-DCP" Name="BlockInterface_placed.dcp"/>
  <File Type="PLACE-IO" Name="BlockInterface_io_placed.rpt"/>
  <File Type="PLACE-CLK" Name="BlockInterface_clock_utilization_placed.rpt"/>
  <File Type="PLACE-UTIL" Name="BlockInterface_utilization_placed.rpt"/>
  <File Type="PLACE-UTIL-PB" Name="BlockInterface_utilization_placed.pb"/>
  <File Type="PLACE-CTRL" Name="BlockInterface_control_sets_placed.rpt"/>
  <File Type="PLACE-SIMILARITY" Name="BlockInterface_incremental_reuse_placed.rpt"/>
  <File Type="PLACE-PRE-SIMILARITY" Name="BlockInterface_incremental_reuse_pre_placed.rpt"/>
  <File Type="PLACE-TIMING" Name="BlockInterface_timing_summary_placed.rpt"/>
  <File Type="POSTPLACE-PWROPT-DCP" Name="BlockInterface_postplace_pwropt.dcp"/>
  <File Type="POSTPLACE-PWROPT-TIMING" Name="BlockInterface_timing_summary_postplace_pwropted.rpt"/>
  <File Type="PHYSOPT-DCP" Name="BlockInterface_physopt.dcp"/>
  <File Type="PHYSOPT-DRC" Name="BlockInterface_drc_physopted.rpt"/>
  <File Type="BG-BIT" Name="BlockInterface.bit"/>
  <File Type="PHYSOPT-TIMING" Name="BlockInterface_timing_summary_physopted.rpt"/>
  <File Type="ROUTE-ERROR-DCP" Name="BlockInterface_routed_error.dcp"/>
  <File Type="ROUTE-DCP" Name="BlockInterface_routed.dcp"/>
  <File Type="ROUTE-BLACKBOX-DCP" Name="BlockInterface_routed_bb.dcp"/>
  <File Type="ROUTE-DRC" Name="BlockInterface_drc_routed.rpt"/>
  <File Type="ROUTE-DRC-PB" Name="BlockInterface_drc_routed.pb"/>
  <File Type="BITSTR-MSK" Name="BlockInterface.msk"/>
  <File Type="ROUTE-DRC-RPX" Name="BlockInterface_drc_routed.rpx"/>
  <File Type="BG-BGN" Name="BlockInterface.bgn"/>
  <File Type="ROUTE-METHODOLOGY-DRC" Name="BlockInterface_methodology_drc_routed.rpt"/>
  <File Type="BITSTR-RBT" Name="BlockInterface.rbt"/>
  <File Type="ROUTE-METHODOLOGY-DRC-RPX" Name="BlockInterface_methodology_drc_routed.rpx"/>
  <File Type="BG-BIN" Name="BlockInterface.bin"/>
  <File Type="ROUTE-METHODOLOGY-DRC-PB" Name="BlockInterface_methodology_drc_routed.pb"/>
  <File Type="ROUTE-PWR-RPX" Name="BlockInterface_power_routed.rpx"/>
  <File Type="ROUTE-STATUS" Name="BlockInterface_route_status.rpt"/>
  <File Type="ROUTE-STATUS-PB" Name="BlockInterface_route_status.pb"/>
  <File Type="ROUTE-TIMINGSUMMARY" Name="BlockInterface_timing_summary_routed.rpt"/>
  <File Type="ROUTE-TIMING-PB" Name="BlockInterface_timing_summary_routed.pb"/>
  <File Type="ROUTE-TIMING-RPX" Name="BlockInterface_timing_summary_routed.rpx"/>
  <File Type="ROUTE-SIMILARITY" Name="BlockInterface_incremental_reuse_routed.rpt"/>
  <File Type="RDI-RDI" Name="BlockInterface.vdi"/>
  <File Type="ROUTE-CLK" Name="BlockInterface_clock_utilization_routed.rpt"/>
  <File Type="POSTROUTE-PHYSOPT-DCP" Name="BlockInterface_postroute_physopt.dcp"/>
  <File Type="POSTROUTE-PHYSOPT-BLACKBOX-DCP" Name="BlockInterface_postroute_physopt_bb.dcp"/>
  <File Type="POSTROUTE-PHYSOPT-TIMING" Name="BlockInterface_timing_summary_postroute_physopted.rpt"/>
  <File Type="POSTROUTE-PHYSOPT-TIMING-PB" Name="BlockInterface_timing_summary_postroute_physopted.pb"/>
  <File Type="POSTROUTE-PHYSOPT-TIMING-RPX" Name="BlockInterface_timing_summary_postroute_physopted.rpx"/>
  <File Type="BITSTR-NKY" Name="BlockInterface.nky"/>
  <File Type="BITSTR-BMM" Name="BlockInterface_bd.bmm"/>
  <File Type="BITSTR-MMI" Name="BlockInterface.mmi"/>
  <File Type="BITSTR-LTX" Name="debug_nets.ltx"/>
  <File Type="BITSTR-LTX" Name="BlockInterface.ltx"/>
  <File Type="BITSTR-SYSDEF" Name="BlockInterface.sysdef"/>
  <File Type="WBT-USG" Name="usage_statistics_webtalk.html"/>
  <FileSet Name="sources" Type="DesignSrcs" RelSrcDir="$PSRCDIR/sources_1">
    <Filter Type="Srcs"/>
    <File Path="$PSRCDIR/sources_1/imports/sources/alu_mux.vhd">
      <FileInfo>
        <Attr Name="ImportPath" Val="$PPRDIR/../../Desktop/Class Notes and Files/ECE 368/Lab 2 - Feb 9 - 2018/sources/alu_mux.vhd"/>
        <Attr Name="ImportTime" Val="1455017990"/>
        <Attr Name="UsedIn" Val="synthesis"/>
        <Attr Name="UsedIn" Val="simulation"/>
      </FileInfo>
    </File>
    <File Path="$PSRCDIR/sources_1/imports/sources/alu_shift_unit.vhd">
      <FileInfo>
        <Attr Name="ImportPath" Val="$PPRDIR/../../Desktop/Class Notes and Files/ECE 368/Lab 2 - Feb 9 - 2018/sources/alu_shift_unit.vhd"/>
        <Attr Name="ImportTime" Val="1455017990"/>
        <Attr Name="UsedIn" Val="synthesis"/>
        <Attr Name="UsedIn" Val="simulation"/>
      </FileInfo>
    </File>
    <File Path="$PSRCDIR/sources_1/imports/sources/alu_arithmetic_unit.vhd">
      <FileInfo>
        <Attr Name="ImportPath" Val="$PPRDIR/../../Desktop/Class Notes and Files/ECE 368/Lab 2 - Feb 9 - 2018/sources/alu_arithmetic_unit.vhd"/>
        <Attr Name="ImportTime" Val="1518197612"/>
        <Attr Name="UsedIn" Val="synthesis"/>
        <Attr Name="UsedIn" Val="simulation"/>
      </FileInfo>
    </File>
    <File Path="$PSRCDIR/sources_1/imports/sources/alu_load_store_unit.vhd">
      <FileInfo>
        <Attr Name="ImportPath" Val="$PPRDIR/../../Desktop/Class Notes and Files/ECE 368/Lab 2 - Feb 9 - 2018/sources/alu_load_store_unit.vhd"/>
        <Attr Name="ImportTime" Val="1455017990"/>
        <Attr Name="UsedIn" Val="synthesis"/>
        <Attr Name="UsedIn" Val="simulation"/>
      </FileInfo>
    </File>
    <File Path="$PSRCDIR/sources_1/imports/sources/alu_logic_unit.vhd">
      <FileInfo>
        <Attr Name="ImportPath" Val="$PPRDIR/../../Desktop/Class Notes and Files/ECE 368/Lab 2 - Feb 9 - 2018/sources/alu_logic_unit.vhd"/>
        <Attr Name="ImportTime" Val="1455017990"/>
        <Attr Name="UsedIn" Val="synthesis"/>
        <Attr Name="UsedIn" Val="simulation"/>
      </FileInfo>
    </File>
    <File Path="$PSRCDIR/sources_1/bd/Block1/Block1.bd">
      <FileInfo>
        <Attr Name="UsedIn" Val="synthesis"/>
        <Attr Name="UsedIn" Val="implementation"/>
        <Attr Name="UsedIn" Val="simulation"/>
      </FileInfo>
    </File>
    <File Path="$PSRCDIR/sources_1/imports/new/7SegController.vhd">
      <FileInfo>
        <Attr Name="ImportPath" Val="$PPRDIR/../7SegDecoder/7SegDecoder.srcs/sources_1/new/7SegController.vhd"/>
        <Attr Name="ImportTime" Val="1518642338"/>
        <Attr Name="UsedIn" Val="synthesis"/>
        <Attr Name="UsedIn" Val="simulation"/>
      </FileInfo>
    </File>
    <File Path="$PSRCDIR/sources_1/imports/new/7SegDecoder.vhd">
      <FileInfo>
        <Attr Name="ImportPath" Val="$PPRDIR/../7SegDecoder/7SegDecoder.srcs/sources_1/new/7SegDecoder.vhd"/>
        <Attr Name="ImportTime" Val="1518564108"/>
        <Attr Name="UsedIn" Val="synthesis"/>
        <Attr Name="UsedIn" Val="simulation"/>
      </FileInfo>
    </File>
    <File Path="$PSRCDIR/sources_1/new/BlockInterface.vhd">
      <FileInfo>
        <Attr Name="UsedIn" Val="synthesis"/>
        <Attr Name="UsedIn" Val="simulation"/>
      </FileInfo>
    </File>
    <Config>
      <Option Name="DesignMode" Val="RTL"/>
      <Option Name="TopModule" Val="BlockInterface"/>
    </Config>
  </FileSet>
  <FileSet Name="constrs_in" Type="Constrs" RelSrcDir="$PSRCDIR/constrs_1">
    <Filter Type="Constrs"/>
    <File Path="$PSRCDIR/constrs_1/imports/sources/Nexys-4-DDR-Master.xdc">
      <FileInfo>
        <Attr Name="ImportPath" Val="$PPRDIR/../../Desktop/Class Notes and Files/ECE 368/Lab 2 - Feb 9 - 2018/sources/Nexys-4-DDR-Master.xdc"/>
        <Attr Name="ImportTime" Val="1517418036"/>
        <Attr Name="UsedIn" Val="synthesis"/>
        <Attr Name="UsedIn" Val="implementation"/>
      </FileInfo>
    </File>
    <Config>
      <Option Name="ConstrsType" Val="XDC"/>
    </Config>
  </FileSet>
  <Strategy Version="1" Minor="2">
    <StratHandle Name="Vivado Implementation Defaults" Flow="Vivado Implementation 2017"/>
    <Step Id="init_design"/>
    <Step Id="opt_design"/>
    <Step Id="power_opt_design"/>
    <Step Id="place_design"/>
    <Step Id="post_place_power_opt_design"/>
    <Step Id="phys_opt_design"/>
    <Step Id="route_design"/>
    <Step Id="post_route_phys_opt_design"/>
    <Step Id="write_bitstream"/>
  </Strategy>
  <BlockFileSet Type="BlockSrcs" Name="Block1_Logic_Unit_0_0"/>
  <BlockFileSet Type="BlockSrcs" Name="Block1_ALU_Mux_0_0"/>
  <BlockFileSet Type="BlockSrcs" Name="Block1_Load_Store_Unit_0_0"/>
  <BlockFileSet Type="BlockSrcs" Name="Block1_ALU_Shift_Unit_0_0"/>
  <BlockFileSet Type="BlockSrcs" Name="Block1_Arith_Unit_0_0"/>
  <BlockFileSet Type="BlockSrcs" Name="Block1_xlslice_0_0"/>
  <BlockFileSet Type="BlockSrcs" Name="Block1_xlslice_1_0"/>
  <BlockFileSet Type="BlockSrcs" Name="Block1_xlslice_1_1"/>
  <BlockFileSet Type="BlockSrcs" Name="Block1_xlslice_3_0"/>
</GenRun>
