<?xml version="1.0" encoding="UTF-8"?>
<GenRun Id="synth_1" LaunchPart="xc7a100tcsg324-1" LaunchTime="1518726595">
  <File Type="PA-TCL" Name="BlockInterface.tcl"/>
  <File Type="RDS-PROPCONSTRS" Name="BlockInterface_drc_synth.rpt"/>
  <File Type="REPORTS-TCL" Name="BlockInterface_reports.tcl"/>
  <File Type="RDS-RDS" Name="BlockInterface.vds"/>
  <File Type="RDS-UTIL" Name="BlockInterface_utilization_synth.rpt"/>
  <File Type="RDS-UTIL-PB" Name="BlockInterface_utilization_synth.pb"/>
  <File Type="RDS-DCP" Name="BlockInterface.dcp"/>
  <File Type="VDS-TIMINGSUMMARY" Name="BlockInterface_timing_summary_synth.rpt"/>
  <File Type="VDS-TIMING-PB" Name="BlockInterface_timing_summary_synth.pb"/>
  <FileSet Name="sources" Type="DesignSrcs" RelSrcDir="$PSRCDIR/sources_1">
    <Filter Type="Srcs"/>
    <File Path="$PSRCDIR/sources_1/imports/sources/alu_mux.vhd">
      <FileInfo>
        <Attr Name="ImportPath" Val="$PPRDIR/../../Desktop/Class Notes and Files/ECE 368/Lab 2 - Feb 9 - 2018/sources/alu_mux.vhd"/>
        <Attr Name="ImportTime" Val="1455017990"/>
        <Attr Name="UsedIn" Val="synthesis"/>
        <Attr Name="UsedIn" Val="simulation"/>
      </FileInfo>
    </File>
    <File Path="$PSRCDIR/sources_1/imports/sources/alu_shift_unit.vhd">
      <FileInfo>
        <Attr Name="ImportPath" Val="$PPRDIR/../../Desktop/Class Notes and Files/ECE 368/Lab 2 - Feb 9 - 2018/sources/alu_shift_unit.vhd"/>
        <Attr Name="ImportTime" Val="1455017990"/>
        <Attr Name="UsedIn" Val="synthesis"/>
        <Attr Name="UsedIn" Val="simulation"/>
      </FileInfo>
    </File>
    <File Path="$PSRCDIR/sources_1/imports/sources/alu_arithmetic_unit.vhd">
      <FileInfo>
        <Attr Name="ImportPath" Val="$PPRDIR/../../Desktop/Class Notes and Files/ECE 368/Lab 2 - Feb 9 - 2018/sources/alu_arithmetic_unit.vhd"/>
        <Attr Name="ImportTime" Val="1518197612"/>
        <Attr Name="UsedIn" Val="synthesis"/>
        <Attr Name="UsedIn" Val="simulation"/>
      </FileInfo>
    </File>
    <File Path="$PSRCDIR/sources_1/imports/sources/alu_load_store_unit.vhd">
      <FileInfo>
        <Attr Name="ImportPath" Val="$PPRDIR/../../Desktop/Class Notes and Files/ECE 368/Lab 2 - Feb 9 - 2018/sources/alu_load_store_unit.vhd"/>
        <Attr Name="ImportTime" Val="1455017990"/>
        <Attr Name="UsedIn" Val="synthesis"/>
        <Attr Name="UsedIn" Val="simulation"/>
      </FileInfo>
    </File>
    <File Path="$PSRCDIR/sources_1/imports/sources/alu_logic_unit.vhd">
      <FileInfo>
        <Attr Name="ImportPath" Val="$PPRDIR/../../Desktop/Class Notes and Files/ECE 368/Lab 2 - Feb 9 - 2018/sources/alu_logic_unit.vhd"/>
        <Attr Name="ImportTime" Val="1455017990"/>
        <Attr Name="UsedIn" Val="synthesis"/>
        <Attr Name="UsedIn" Val="simulation"/>
      </FileInfo>
    </File>
    <File Path="$PSRCDIR/sources_1/bd/Block1/Block1.bd">
      <FileInfo>
        <Attr Name="UsedIn" Val="synthesis"/>
        <Attr Name="UsedIn" Val="implementation"/>
        <Attr Name="UsedIn" Val="simulation"/>
      </FileInfo>
    </File>
    <File Path="$PSRCDIR/sources_1/imports/new/7SegController.vhd">
      <FileInfo>
        <Attr Name="ImportPath" Val="$PPRDIR/../7SegDecoder/7SegDecoder.srcs/sources_1/new/7SegController.vhd"/>
        <Attr Name="ImportTime" Val="1518642338"/>
        <Attr Name="UsedIn" Val="synthesis"/>
        <Attr Name="UsedIn" Val="simulation"/>
      </FileInfo>
    </File>
    <File Path="$PSRCDIR/sources_1/imports/new/7SegDecoder.vhd">
      <FileInfo>
        <Attr Name="ImportPath" Val="$PPRDIR/../7SegDecoder/7SegDecoder.srcs/sources_1/new/7SegDecoder.vhd"/>
        <Attr Name="ImportTime" Val="1518564108"/>
        <Attr Name="UsedIn" Val="synthesis"/>
        <Attr Name="UsedIn" Val="simulation"/>
      </FileInfo>
    </File>
    <File Path="$PSRCDIR/sources_1/new/BlockInterface.vhd">
      <FileInfo>
        <Attr Name="UsedIn" Val="synthesis"/>
        <Attr Name="UsedIn" Val="simulation"/>
      </FileInfo>
    </File>
    <Config>
      <Option Name="DesignMode" Val="RTL"/>
      <Option Name="TopModule" Val="BlockInterface"/>
    </Config>
  </FileSet>
  <FileSet Name="constrs_in" Type="Constrs" RelSrcDir="$PSRCDIR/constrs_1">
    <Filter Type="Constrs"/>
    <File Path="$PSRCDIR/constrs_1/imports/sources/Nexys-4-DDR-Master.xdc">
      <FileInfo>
        <Attr Name="ImportPath" Val="$PPRDIR/../../Desktop/Class Notes and Files/ECE 368/Lab 2 - Feb 9 - 2018/sources/Nexys-4-DDR-Master.xdc"/>
        <Attr Name="ImportTime" Val="1517418036"/>
        <Attr Name="UsedIn" Val="synthesis"/>
        <Attr Name="UsedIn" Val="implementation"/>
      </FileInfo>
    </File>
    <Config>
      <Option Name="ConstrsType" Val="XDC"/>
    </Config>
  </FileSet>
  <Strategy Version="1" Minor="2">
    <StratHandle Name="Vivado Synthesis Defaults" Flow="Vivado Synthesis 2017"/>
    <Step Id="synth_design"/>
  </Strategy>
  <BlockFileSet Type="BlockSrcs" Name="Block1_Logic_Unit_0_0"/>
  <BlockFileSet Type="BlockSrcs" Name="Block1_ALU_Mux_0_0"/>
  <BlockFileSet Type="BlockSrcs" Name="Block1_Load_Store_Unit_0_0"/>
  <BlockFileSet Type="BlockSrcs" Name="Block1_ALU_Shift_Unit_0_0"/>
  <BlockFileSet Type="BlockSrcs" Name="Block1_Arith_Unit_0_0"/>
  <BlockFileSet Type="BlockSrcs" Name="Block1_xlslice_0_0"/>
  <BlockFileSet Type="BlockSrcs" Name="Block1_xlslice_1_0"/>
  <BlockFileSet Type="BlockSrcs" Name="Block1_xlslice_1_1"/>
  <BlockFileSet Type="BlockSrcs" Name="Block1_xlslice_3_0"/>
</GenRun>
