<?xml version="1.0" encoding="UTF-8"?>
<GenRun Id="Block1_xlslice_1_0_synth_1" LaunchPart="xc7a100tcsg324-1" LaunchTime="1518725105">
  <File Type="PA-TCL" Name="Block1_xlslice_1_0.tcl"/>
  <File Type="RDS-PROPCONSTRS" Name="Block1_xlslice_1_0_drc_synth.rpt"/>
  <File Type="REPORTS-TCL" Name="Block1_xlslice_1_0_reports.tcl"/>
  <File Type="RDS-RDS" Name="Block1_xlslice_1_0.vds"/>
  <File Type="RDS-UTIL" Name="Block1_xlslice_1_0_utilization_synth.rpt"/>
  <File Type="RDS-UTIL-PB" Name="Block1_xlslice_1_0_utilization_synth.pb"/>
  <File Type="RDS-DCP" Name="Block1_xlslice_1_0.dcp"/>
  <File Type="VDS-TIMINGSUMMARY" Name="Block1_xlslice_1_0_timing_summary_synth.rpt"/>
  <File Type="VDS-TIMING-PB" Name="Block1_xlslice_1_0_timing_summary_synth.pb"/>
  <FileSet Name="sources" Type="BlockSrcs" RelSrcDir="$PSRCDIR/Block1_xlslice_1_0">
    <File Path="$PSRCDIR/sources_1/bd/Block1/ip/Block1_xlslice_1_0/Block1_xlslice_1_0.xci">
      <FileInfo>
        <Attr Name="UsedIn" Val="synthesis"/>
        <Attr Name="UsedIn" Val="implementation"/>
        <Attr Name="UsedIn" Val="simulation"/>
      </FileInfo>
    </File>
    <Config>
      <Option Name="TopModule" Val="Block1_xlslice_1_0"/>
      <Option Name="UseBlackboxStub" Val="1"/>
    </Config>
  </FileSet>
  <FileSet Name="constrs_in" Type="BlockSrcs" RelSrcDir="$PSRCDIR/Block1_xlslice_1_0">
    <File Path="$PSRCDIR/sources_1/bd/Block1/ip/Block1_xlslice_1_0/Block1_xlslice_1_0.xci">
      <FileInfo>
        <Attr Name="UsedIn" Val="synthesis"/>
        <Attr Name="UsedIn" Val="implementation"/>
        <Attr Name="UsedIn" Val="simulation"/>
      </FileInfo>
    </File>
    <Config>
      <Option Name="TopModule" Val="Block1_xlslice_1_0"/>
      <Option Name="UseBlackboxStub" Val="1"/>
    </Config>
  </FileSet>
  <Strategy Version="1" Minor="2">
    <StratHandle Name="Vivado Synthesis Defaults" Flow="Vivado Synthesis 2017">
      <Desc>Vivado Synthesis Defaults</Desc>
    </StratHandle>
    <Step Id="synth_design"/>
  </Strategy>
</GenRun>
