<?xml version="1.0" encoding="UTF-8"?>
<GenRun Id="impl_1" LaunchPart="xc7a100tcsg324-1" LaunchTime="1518729606">
  <File Type="ROUTE-PWR" Name="Counter_power_routed.rpt"/>
  <File Type="PA-TCL" Name="Counter.tcl"/>
  <File Type="PWROPT-DCP" Name="Counter_pwropt.dcp"/>
  <File Type="ROUTE-PWR-SUM" Name="Counter_power_summary_routed.pb"/>
  <File Type="REPORTS-TCL" Name="Counter_reports.tcl"/>
  <File Type="BG-DRC" Name="Counter.drc"/>
  <File Type="OPT-HWDEF" Name="Counter.hwdef"/>
  <File Type="OPT-DCP" Name="Counter_opt.dcp"/>
  <File Type="OPT-DRC" Name="Counter_drc_opted.rpt"/>
  <File Type="PLACE-DCP" Name="Counter_placed.dcp"/>
  <File Type="PLACE-IO" Name="Counter_io_placed.rpt"/>
  <File Type="PLACE-UTIL" Name="Counter_utilization_placed.rpt"/>
  <File Type="PLACE-UTIL-PB" Name="Counter_utilization_placed.pb"/>
  <File Type="PLACE-CTRL" Name="Counter_control_sets_placed.rpt"/>
  <File Type="PLACE-PRE-SIMILARITY" Name="Counter_incremental_reuse_pre_placed.rpt"/>
  <File Type="POSTPLACE-PWROPT-DCP" Name="Counter_postplace_pwropt.dcp"/>
  <File Type="PHYSOPT-DCP" Name="Counter_physopt.dcp"/>
  <File Type="BG-BIT" Name="Counter.bit"/>
  <File Type="ROUTE-ERROR-DCP" Name="Counter_routed_error.dcp"/>
  <File Type="ROUTE-DCP" Name="Counter_routed.dcp"/>
  <File Type="ROUTE-BLACKBOX-DCP" Name="Counter_routed_bb.dcp"/>
  <File Type="ROUTE-DRC" Name="Counter_drc_routed.rpt"/>
  <File Type="ROUTE-DRC-PB" Name="Counter_drc_routed.pb"/>
  <File Type="ROUTE-DRC-RPX" Name="Counter_drc_routed.rpx"/>
  <File Type="BITSTR-MSK" Name="Counter.msk"/>
  <File Type="ROUTE-METHODOLOGY-DRC" Name="Counter_methodology_drc_routed.rpt"/>
  <File Type="BG-BGN" Name="Counter.bgn"/>
  <File Type="ROUTE-METHODOLOGY-DRC-RPX" Name="Counter_methodology_drc_routed.rpx"/>
  <File Type="BITSTR-RBT" Name="Counter.rbt"/>
  <File Type="ROUTE-METHODOLOGY-DRC-PB" Name="Counter_methodology_drc_routed.pb"/>
  <File Type="BG-BIN" Name="Counter.bin"/>
  <File Type="ROUTE-PWR-RPX" Name="Counter_power_routed.rpx"/>
  <File Type="ROUTE-STATUS" Name="Counter_route_status.rpt"/>
  <File Type="ROUTE-STATUS-PB" Name="Counter_route_status.pb"/>
  <File Type="ROUTE-TIMINGSUMMARY" Name="Counter_timing_summary_routed.rpt"/>
  <File Type="ROUTE-TIMING-PB" Name="Counter_timing_summary_routed.pb"/>
  <File Type="ROUTE-TIMING-RPX" Name="Counter_timing_summary_routed.rpx"/>
  <File Type="ROUTE-CLK" Name="Counter_clock_utilization_routed.rpt"/>
  <File Type="RDI-RDI" Name="Counter.vdi"/>
  <File Type="POSTROUTE-PHYSOPT-DCP" Name="Counter_postroute_physopt.dcp"/>
  <File Type="POSTROUTE-PHYSOPT-BLACKBOX-DCP" Name="Counter_postroute_physopt_bb.dcp"/>
  <File Type="BITSTR-NKY" Name="Counter.nky"/>
  <File Type="BITSTR-BMM" Name="Counter_bd.bmm"/>
  <File Type="BITSTR-MMI" Name="Counter.mmi"/>
  <File Type="BITSTR-LTX" Name="Counter.ltx"/>
  <File Type="BITSTR-SYSDEF" Name="Counter.sysdef"/>
  <File Type="WBT-USG" Name="usage_statistics_webtalk.html"/>
  <FileSet Name="sources" Type="DesignSrcs" RelSrcDir="$PSRCDIR/sources_1">
    <Filter Type="Srcs"/>
    <File Path="$PSRCDIR/sources_1/new/Counter.vhd">
      <FileInfo>
        <Attr Name="UsedIn" Val="synthesis"/>
        <Attr Name="UsedIn" Val="simulation"/>
      </FileInfo>
    </File>
    <Config>
      <Option Name="DesignMode" Val="RTL"/>
      <Option Name="TopModule" Val="Counter"/>
      <Option Name="TopAutoSet" Val="TRUE"/>
    </Config>
  </FileSet>
  <FileSet Name="constrs_in" Type="Constrs" RelSrcDir="$PSRCDIR/constrs_1">
    <Filter Type="Constrs"/>
    <File Path="$PSRCDIR/constrs_1/imports/Sources/Nexys-4-DDR-Master.xdc">
      <FileInfo>
        <Attr Name="ImportPath" Val="$PPRDIR/../../../../Sources/Nexys-4-DDR-Master.xdc"/>
        <Attr Name="ImportTime" Val="1517418036"/>
        <Attr Name="UsedIn" Val="synthesis"/>
        <Attr Name="UsedIn" Val="implementation"/>
      </FileInfo>
    </File>
    <Config>
      <Option Name="ConstrsType" Val="XDC"/>
    </Config>
  </FileSet>
  <Strategy Version="1" Minor="2">
    <StratHandle Name="Vivado Implementation Defaults" Flow="Vivado Implementation 2017"/>
    <Step Id="init_design"/>
    <Step Id="opt_design"/>
    <Step Id="power_opt_design"/>
    <Step Id="place_design"/>
    <Step Id="post_place_power_opt_design"/>
    <Step Id="phys_opt_design"/>
    <Step Id="route_design"/>
    <Step Id="post_route_phys_opt_design"/>
    <Step Id="write_bitstream"/>
  </Strategy>
</GenRun>
