<?xml version="1.0" encoding="UTF-8"?>
<GenRun Id="impl_1" LaunchPart="xc7a100tcsg324-1" LaunchTime="1518129531">
  <File Type="PWROPT-DCP" Name="ClkDiv_pwropt.dcp"/>
  <File Type="ROUTE-PWR" Name="ClkDiv_power_routed.rpt"/>
  <File Type="PA-TCL" Name="ClkDiv.tcl"/>
  <File Type="ROUTE-PWR-SUM" Name="ClkDiv_power_summary_routed.pb"/>
  <File Type="REPORTS-TCL" Name="ClkDiv_reports.tcl"/>
  <File Type="BG-DRC" Name="ClkDiv.drc"/>
  <File Type="OPT-METHODOLOGY-DRC" Name="ClkDiv_methodology_drc_opted.rpt"/>
  <File Type="INIT-TIMING" Name="ClkDiv_timing_summary_init.rpt"/>
  <File Type="OPT-HWDEF" Name="ClkDiv.hwdef"/>
  <File Type="OPT-DCP" Name="ClkDiv_opt.dcp"/>
  <File Type="OPT-DRC" Name="ClkDiv_drc_opted.rpt"/>
  <File Type="OPT-TIMING" Name="ClkDiv_timing_summary_opted.rpt"/>
  <File Type="PWROPT-DRC" Name="ClkDiv_drc_pwropted.rpt"/>
  <File Type="PWROPT-TIMING" Name="ClkDiv_timing_summary_pwropted.rpt"/>
  <File Type="PLACE-DCP" Name="ClkDiv_placed.dcp"/>
  <File Type="PLACE-IO" Name="ClkDiv_io_placed.rpt"/>
  <File Type="PLACE-CLK" Name="ClkDiv_clock_utilization_placed.rpt"/>
  <File Type="PLACE-UTIL" Name="ClkDiv_utilization_placed.rpt"/>
  <File Type="PLACE-UTIL-PB" Name="ClkDiv_utilization_placed.pb"/>
  <File Type="PLACE-CTRL" Name="ClkDiv_control_sets_placed.rpt"/>
  <File Type="PLACE-SIMILARITY" Name="ClkDiv_incremental_reuse_placed.rpt"/>
  <File Type="PLACE-PRE-SIMILARITY" Name="ClkDiv_incremental_reuse_pre_placed.rpt"/>
  <File Type="PLACE-TIMING" Name="ClkDiv_timing_summary_placed.rpt"/>
  <File Type="POSTPLACE-PWROPT-DCP" Name="ClkDiv_postplace_pwropt.dcp"/>
  <File Type="POSTPLACE-PWROPT-TIMING" Name="ClkDiv_timing_summary_postplace_pwropted.rpt"/>
  <File Type="PHYSOPT-DCP" Name="ClkDiv_physopt.dcp"/>
  <File Type="PHYSOPT-DRC" Name="ClkDiv_drc_physopted.rpt"/>
  <File Type="BG-BIT" Name="ClkDiv.bit"/>
  <File Type="PHYSOPT-TIMING" Name="ClkDiv_timing_summary_physopted.rpt"/>
  <File Type="ROUTE-ERROR-DCP" Name="ClkDiv_routed_error.dcp"/>
  <File Type="ROUTE-DCP" Name="ClkDiv_routed.dcp"/>
  <File Type="ROUTE-BLACKBOX-DCP" Name="ClkDiv_routed_bb.dcp"/>
  <File Type="ROUTE-DRC" Name="ClkDiv_drc_routed.rpt"/>
  <File Type="ROUTE-DRC-PB" Name="ClkDiv_drc_routed.pb"/>
  <File Type="BITSTR-MSK" Name="ClkDiv.msk"/>
  <File Type="ROUTE-DRC-RPX" Name="ClkDiv_drc_routed.rpx"/>
  <File Type="BG-BGN" Name="ClkDiv.bgn"/>
  <File Type="ROUTE-METHODOLOGY-DRC" Name="ClkDiv_methodology_drc_routed.rpt"/>
  <File Type="BITSTR-RBT" Name="ClkDiv.rbt"/>
  <File Type="ROUTE-METHODOLOGY-DRC-RPX" Name="ClkDiv_methodology_drc_routed.rpx"/>
  <File Type="BG-BIN" Name="ClkDiv.bin"/>
  <File Type="ROUTE-METHODOLOGY-DRC-PB" Name="ClkDiv_methodology_drc_routed.pb"/>
  <File Type="ROUTE-PWR-RPX" Name="ClkDiv_power_routed.rpx"/>
  <File Type="ROUTE-STATUS" Name="ClkDiv_route_status.rpt"/>
  <File Type="ROUTE-STATUS-PB" Name="ClkDiv_route_status.pb"/>
  <File Type="ROUTE-TIMINGSUMMARY" Name="ClkDiv_timing_summary_routed.rpt"/>
  <File Type="ROUTE-TIMING-PB" Name="ClkDiv_timing_summary_routed.pb"/>
  <File Type="ROUTE-TIMING-RPX" Name="ClkDiv_timing_summary_routed.rpx"/>
  <File Type="ROUTE-SIMILARITY" Name="ClkDiv_incremental_reuse_routed.rpt"/>
  <File Type="RDI-RDI" Name="ClkDiv.vdi"/>
  <File Type="ROUTE-CLK" Name="ClkDiv_clock_utilization_routed.rpt"/>
  <File Type="POSTROUTE-PHYSOPT-DCP" Name="ClkDiv_postroute_physopt.dcp"/>
  <File Type="POSTROUTE-PHYSOPT-BLACKBOX-DCP" Name="ClkDiv_postroute_physopt_bb.dcp"/>
  <File Type="POSTROUTE-PHYSOPT-TIMING" Name="ClkDiv_timing_summary_postroute_physopted.rpt"/>
  <File Type="POSTROUTE-PHYSOPT-TIMING-PB" Name="ClkDiv_timing_summary_postroute_physopted.pb"/>
  <File Type="POSTROUTE-PHYSOPT-TIMING-RPX" Name="ClkDiv_timing_summary_postroute_physopted.rpx"/>
  <File Type="BITSTR-NKY" Name="ClkDiv.nky"/>
  <File Type="BITSTR-BMM" Name="ClkDiv_bd.bmm"/>
  <File Type="BITSTR-MMI" Name="ClkDiv.mmi"/>
  <File Type="BITSTR-LTX" Name="debug_nets.ltx"/>
  <File Type="BITSTR-LTX" Name="ClkDiv.ltx"/>
  <File Type="BITSTR-SYSDEF" Name="ClkDiv.sysdef"/>
  <File Type="WBT-USG" Name="usage_statistics_webtalk.html"/>
  <FileSet Name="sources" Type="DesignSrcs" RelSrcDir="$PSRCDIR/sources_1">
    <Filter Type="Srcs"/>
    <File Path="$PSRCDIR/sources_1/imports/sources/D_FlipFlop.vhd">
      <FileInfo>
        <Attr Name="ImportPath" Val="$PPRDIR/../../Desktop/Class Notes and Files/ECE 368/Lab 1 - Feb 2- 2018/sources/D_FlipFlop.vhd"/>
        <Attr Name="ImportTime" Val="1517428128"/>
        <Attr Name="UsedIn" Val="synthesis"/>
        <Attr Name="UsedIn" Val="simulation"/>
      </FileInfo>
    </File>
    <File Path="$PSRCDIR/sources_1/new/ClkDiv.vhd">
      <FileInfo>
        <Attr Name="UsedIn" Val="synthesis"/>
        <Attr Name="UsedIn" Val="simulation"/>
      </FileInfo>
    </File>
    <Config>
      <Option Name="DesignMode" Val="RTL"/>
      <Option Name="TopModule" Val="ClkDiv"/>
      <Option Name="TopAutoSet" Val="TRUE"/>
    </Config>
  </FileSet>
  <FileSet Name="constrs_in" Type="Constrs" RelSrcDir="$PSRCDIR/constrs_1">
    <Filter Type="Constrs"/>
    <File Path="$PSRCDIR/constrs_1/imports/sources/Nexys-4-DDR-Master.xdc">
      <FileInfo>
        <Attr Name="ImportPath" Val="$PPRDIR/../../Desktop/Class Notes and Files/ECE 368/Lab 1 - Feb 2- 2018/sources/Nexys-4-DDR-Master.xdc"/>
        <Attr Name="ImportTime" Val="1517418036"/>
        <Attr Name="UsedIn" Val="synthesis"/>
        <Attr Name="UsedIn" Val="implementation"/>
      </FileInfo>
    </File>
    <Config>
      <Option Name="ConstrsType" Val="XDC"/>
    </Config>
  </FileSet>
  <Strategy Version="1" Minor="2">
    <StratHandle Name="Vivado Implementation Defaults" Flow="Vivado Implementation 2017">
      <Desc>Default settings for Implementation.</Desc>
    </StratHandle>
    <Step Id="init_design"/>
    <Step Id="opt_design"/>
    <Step Id="power_opt_design"/>
    <Step Id="place_design"/>
    <Step Id="post_place_power_opt_design"/>
    <Step Id="phys_opt_design"/>
    <Step Id="route_design"/>
    <Step Id="post_route_phys_opt_design"/>
    <Step Id="write_bitstream"/>
  </Strategy>
</GenRun>
