<?xml version="1.0" encoding="UTF-8"?>
<GenRun Id="impl_1" LaunchPart="xc7a100tcsg324-1" LaunchTime="1517840326">
  <File Type="PWROPT-DCP" Name="FourBitRegister_pwropt.dcp"/>
  <File Type="ROUTE-PWR" Name="FourBitRegister_power_routed.rpt"/>
  <File Type="PA-TCL" Name="FourBitRegister.tcl"/>
  <File Type="ROUTE-PWR-SUM" Name="FourBitRegister_power_summary_routed.pb"/>
  <File Type="REPORTS-TCL" Name="FourBitRegister_reports.tcl"/>
  <File Type="BG-DRC" Name="FourBitRegister.drc"/>
  <File Type="OPT-METHODOLOGY-DRC" Name="FourBitRegister_methodology_drc_opted.rpt"/>
  <File Type="INIT-TIMING" Name="FourBitRegister_timing_summary_init.rpt"/>
  <File Type="OPT-HWDEF" Name="FourBitRegister.hwdef"/>
  <File Type="OPT-DCP" Name="FourBitRegister_opt.dcp"/>
  <File Type="OPT-DRC" Name="FourBitRegister_drc_opted.rpt"/>
  <File Type="OPT-TIMING" Name="FourBitRegister_timing_summary_opted.rpt"/>
  <File Type="PWROPT-DRC" Name="FourBitRegister_drc_pwropted.rpt"/>
  <File Type="PWROPT-TIMING" Name="FourBitRegister_timing_summary_pwropted.rpt"/>
  <File Type="PLACE-DCP" Name="FourBitRegister_placed.dcp"/>
  <File Type="PLACE-IO" Name="FourBitRegister_io_placed.rpt"/>
  <File Type="PLACE-CLK" Name="FourBitRegister_clock_utilization_placed.rpt"/>
  <File Type="PLACE-UTIL" Name="FourBitRegister_utilization_placed.rpt"/>
  <File Type="PLACE-UTIL-PB" Name="FourBitRegister_utilization_placed.pb"/>
  <File Type="PLACE-CTRL" Name="FourBitRegister_control_sets_placed.rpt"/>
  <File Type="PLACE-SIMILARITY" Name="FourBitRegister_incremental_reuse_placed.rpt"/>
  <File Type="PLACE-PRE-SIMILARITY" Name="FourBitRegister_incremental_reuse_pre_placed.rpt"/>
  <File Type="PLACE-TIMING" Name="FourBitRegister_timing_summary_placed.rpt"/>
  <File Type="POSTPLACE-PWROPT-DCP" Name="FourBitRegister_postplace_pwropt.dcp"/>
  <File Type="POSTPLACE-PWROPT-TIMING" Name="FourBitRegister_timing_summary_postplace_pwropted.rpt"/>
  <File Type="PHYSOPT-DCP" Name="FourBitRegister_physopt.dcp"/>
  <File Type="PHYSOPT-DRC" Name="FourBitRegister_drc_physopted.rpt"/>
  <File Type="BG-BIT" Name="FourBitRegister.bit"/>
  <File Type="PHYSOPT-TIMING" Name="FourBitRegister_timing_summary_physopted.rpt"/>
  <File Type="ROUTE-ERROR-DCP" Name="FourBitRegister_routed_error.dcp"/>
  <File Type="ROUTE-DCP" Name="FourBitRegister_routed.dcp"/>
  <File Type="ROUTE-BLACKBOX-DCP" Name="FourBitRegister_routed_bb.dcp"/>
  <File Type="ROUTE-DRC" Name="FourBitRegister_drc_routed.rpt"/>
  <File Type="ROUTE-DRC-PB" Name="FourBitRegister_drc_routed.pb"/>
  <File Type="BITSTR-MSK" Name="FourBitRegister.msk"/>
  <File Type="ROUTE-DRC-RPX" Name="FourBitRegister_drc_routed.rpx"/>
  <File Type="BG-BGN" Name="FourBitRegister.bgn"/>
  <File Type="ROUTE-METHODOLOGY-DRC" Name="FourBitRegister_methodology_drc_routed.rpt"/>
  <File Type="BITSTR-RBT" Name="FourBitRegister.rbt"/>
  <File Type="ROUTE-METHODOLOGY-DRC-RPX" Name="FourBitRegister_methodology_drc_routed.rpx"/>
  <File Type="BG-BIN" Name="FourBitRegister.bin"/>
  <File Type="ROUTE-METHODOLOGY-DRC-PB" Name="FourBitRegister_methodology_drc_routed.pb"/>
  <File Type="ROUTE-PWR-RPX" Name="FourBitRegister_power_routed.rpx"/>
  <File Type="ROUTE-STATUS" Name="FourBitRegister_route_status.rpt"/>
  <File Type="ROUTE-STATUS-PB" Name="FourBitRegister_route_status.pb"/>
  <File Type="ROUTE-TIMINGSUMMARY" Name="FourBitRegister_timing_summary_routed.rpt"/>
  <File Type="ROUTE-TIMING-PB" Name="FourBitRegister_timing_summary_routed.pb"/>
  <File Type="ROUTE-TIMING-RPX" Name="FourBitRegister_timing_summary_routed.rpx"/>
  <File Type="ROUTE-SIMILARITY" Name="FourBitRegister_incremental_reuse_routed.rpt"/>
  <File Type="RDI-RDI" Name="FourBitRegister.vdi"/>
  <File Type="ROUTE-CLK" Name="FourBitRegister_clock_utilization_routed.rpt"/>
  <File Type="POSTROUTE-PHYSOPT-DCP" Name="FourBitRegister_postroute_physopt.dcp"/>
  <File Type="POSTROUTE-PHYSOPT-BLACKBOX-DCP" Name="FourBitRegister_postroute_physopt_bb.dcp"/>
  <File Type="POSTROUTE-PHYSOPT-TIMING" Name="FourBitRegister_timing_summary_postroute_physopted.rpt"/>
  <File Type="POSTROUTE-PHYSOPT-TIMING-PB" Name="FourBitRegister_timing_summary_postroute_physopted.pb"/>
  <File Type="POSTROUTE-PHYSOPT-TIMING-RPX" Name="FourBitRegister_timing_summary_postroute_physopted.rpx"/>
  <File Type="BITSTR-NKY" Name="FourBitRegister.nky"/>
  <File Type="BITSTR-BMM" Name="FourBitRegister_bd.bmm"/>
  <File Type="BITSTR-MMI" Name="FourBitRegister.mmi"/>
  <File Type="BITSTR-LTX" Name="debug_nets.ltx"/>
  <File Type="BITSTR-LTX" Name="FourBitRegister.ltx"/>
  <File Type="BITSTR-SYSDEF" Name="FourBitRegister.sysdef"/>
  <File Type="WBT-USG" Name="usage_statistics_webtalk.html"/>
  <FileSet Name="sources" Type="DesignSrcs" RelSrcDir="$PSRCDIR/sources_1">
    <Filter Type="Srcs"/>
    <File Path="$PSRCDIR/sources_1/imports/sources/D_FlipFlop.vhd">
      <FileInfo>
        <Attr Name="ImportPath" Val="$PPRDIR/../../Desktop/Class Notes and Files/ECE 368/Lab 1 - Feb 2- 2018/sources/D_FlipFlop.vhd"/>
        <Attr Name="ImportTime" Val="1517428128"/>
        <Attr Name="UsedIn" Val="synthesis"/>
        <Attr Name="UsedIn" Val="simulation"/>
      </FileInfo>
    </File>
    <File Path="$PSRCDIR/sources_1/new/FourBitRegister.vhd">
      <FileInfo>
        <Attr Name="UsedIn" Val="synthesis"/>
        <Attr Name="UsedIn" Val="simulation"/>
      </FileInfo>
    </File>
    <Config>
      <Option Name="DesignMode" Val="RTL"/>
      <Option Name="TopModule" Val="FourBitRegister"/>
      <Option Name="TopAutoSet" Val="TRUE"/>
    </Config>
  </FileSet>
  <FileSet Name="constrs_in" Type="Constrs" RelSrcDir="$PSRCDIR/constrs_1">
    <Filter Type="Constrs"/>
    <File Path="$PSRCDIR/constrs_1/imports/sources/Nexys-4-DDR-Master.xdc">
      <FileInfo>
        <Attr Name="ImportPath" Val="$PPRDIR/../../Desktop/Class Notes and Files/ECE 368/Lab 1 - Feb 2- 2018/sources/Nexys-4-DDR-Master.xdc"/>
        <Attr Name="ImportTime" Val="1517418036"/>
        <Attr Name="UsedIn" Val="synthesis"/>
        <Attr Name="UsedIn" Val="implementation"/>
      </FileInfo>
    </File>
    <Config>
      <Option Name="ConstrsType" Val="XDC"/>
    </Config>
  </FileSet>
  <Strategy Version="1" Minor="2">
    <StratHandle Name="Vivado Implementation Defaults" Flow="Vivado Implementation 2017"/>
    <Step Id="init_design"/>
    <Step Id="opt_design"/>
    <Step Id="power_opt_design"/>
    <Step Id="place_design"/>
    <Step Id="post_place_power_opt_design"/>
    <Step Id="phys_opt_design"/>
    <Step Id="route_design"/>
    <Step Id="post_route_phys_opt_design"/>
    <Step Id="write_bitstream"/>
  </Strategy>
</GenRun>
